{"train": [10.874453090486073, 10.513523465111142, 10.202441760471888, 9.909176508585611, 9.631314232235862, 9.378043265569778, 9.172395933242072, 8.987251735868908, 8.872183708917527, 8.791923068818592], "val": [10.891712915329705, 10.813910121009464, 10.747250284467425, 10.688289142790294, 10.636295500255766, 10.592551821754093, 10.558129583086286, 10.533400717235747, 10.517092795599075, 10.509144692193894]}