{"train": [10.856545448303223, 10.768659273783365, 10.696458498636881, 10.6344633102417, 10.583158175150553, 10.541848500569662, 10.494641621907553, 10.462671279907227, 10.450190226236979, 10.428120295206705], "val": [10.8412872950236, 10.827987353006998, 10.816394170125326, 10.80618667602539, 10.797307014465332, 10.78992748260498, 10.783927281697592, 10.779417355855307, 10.776402473449707, 10.774877230326334]}